<?xml version="1.0"?>

<project name="common">

  <property file="build.properties"/>

  <!-- can be overridden at the command line with -Dversion=
       or in IDEA, in the ant properties dialog -->
  <property name="version" value="snapshot"/>
  <property name="api.version" value="1.4"/>

  <target name="compile" description="Compile Java source.">
    <mkdir dir="${build.dir}/classes"/>
    <javac srcdir="${src.dir}"
         debug="on"
         destdir="${build.dir}/classes"
         source="1.8" target="1.8" includeantruntime="false">
      <compilerarg value="-Xlint:all,-serial"/>
      <classpath refid="compile.classpath"/>
    </javac>
    <copy toDir="${build.dir}/classes">
      <fileset dir="${src.dir}" excludes="**/*.java"/>
    </copy>
  </target>

  <target name="clean"
      description="Remove generated files.">
    <delete dir="${build.dir}"/>
  </target>
</project>
